[
  {
    "id": "1",
    "slug": "t2-centro-porto",
    "title": "Apartamento T2 no centro do Porto",
    "summary": "Apartamento T2 totalmente renovado com varanda e vista para a cidade.",
    "description": "Este apartamento T2 situa‑se numa das zonas mais prestigiadas do centro do Porto. Com dois quartos, sala espaçosa, cozinha equipada e varanda com vista, é ideal para quem procura conforto e proximidade a serviços.",
    "price": 350000,
    "currency": "EUR",
    "status": "ativo",
    "typology": "T2",
    "condition": "renovado",
    "areaUseful": 85,
    "areaGross": 95,
    "lotArea": null,
    "yearBuilt": 1978,
    "energyCertificate": "C",
    "location": {
      "addressLine": "Rua dos Aliados, 123",
      "parish": "Cedofeita",
      "county": "Porto",
      "district": "Porto",
      "postalCode": "4000-007",
      "country": "Portugal",
      "lat": 41.14961,
      "lon": -8.61099,
      "neighborhood": "Baixa"
    },
    "features": ["varanda", "elevador", "ar-condicionado", "cozinha-equipada"],
    "media": [
      { "type": "image", "url": "/images/t2-porto-1.jpg", "alt": "Sala", "priority": 1 },
      { "type": "image", "url": "/images/t2-porto-2.jpg", "alt": "Quarto", "priority": 2 },
      { "type": "image", "url": "/images/t2-porto-3.jpg", "alt": "Cozinha", "priority": 3 }
    ],
    "plans": [ { "type": "plan", "url": "/images/t2-porto-planta.png", "alt": "Planta" } ],
    "videos": [],
    "tours3d": [],
    "consultantId": null,
    "agencyId": null,
    "availabilityDate": null,
    "createdAt": "2025-08-01T10:00:00Z",
    "updatedAt": "2025-08-01T10:00:00Z"
  },
  {
    "id": "2",
    "slug": "moradia-v3-gaia",
    "title": "Moradia V3 com jardim em Vila Nova de Gaia",
    "summary": "Moradia V3 com três frentes, jardim privativo e garagem.",
    "description": "Excelente moradia V3 localizada em Vila Nova de Gaia, perto das escolas e do metro. Dispõe de três quartos, duas casas de banho, sala ampla com lareira, cozinha equipada e garagem fechada. O jardim privativo é perfeito para lazer.",
    "price": 475000,
    "currency": "EUR",
    "status": "ativo",
    "typology": "Moradia",
    "condition": "usado",
    "areaUseful": 130,
    "areaGross": 150,
    "lotArea": 300,
    "yearBuilt": 2005,
    "energyCertificate": "B",
    "location": {
      "addressLine": "Rua do Olival, 45",
      "parish": "Santa Marinha",
      "county": "Vila Nova de Gaia",
      "district": "Porto",
      "postalCode": "4400-123",
      "country": "Portugal",
      "lat": 41.13747,
      "lon": -8.60949,
      "neighborhood": "Serra do Pilar"
    },
    "features": ["jardim", "garagem", "lareira", "suite"],
    "media": [
      { "type": "image", "url": "/images/moradia-gaia-1.jpg", "alt": "Fachada", "priority": 1 },
      { "type": "image", "url": "/images/moradia-gaia-2.jpg", "alt": "Sala", "priority": 2 },
      { "type": "image", "url": "/images/moradia-gaia-3.jpg", "alt": "Jardim", "priority": 3 }
    ],
    "plans": [],
    "videos": [],
    "tours3d": [],
    "consultantId": null,
    "agencyId": null,
    "availabilityDate": null,
    "createdAt": "2025-08-10T12:00:00Z",
    "updatedAt": "2025-08-10T12:00:00Z"
  }
]